ce_average_threads,ce_comp_threads,lf_threads,videoBufferLength,ce,le,lm,ex
16,16,16,500,0,3.691664457321167,3.737372398376465,0.008670568466186523,3.7460429668426514

