ce_average_threads,ce_comp_threads,lf_threads,videoBufferLength,ce,le,lm,ex
1,1,16,500,467.52107214927673,1.9164767265319824,0.018573522567749023,49.83112931251526,519.2878699302673

1,3,16,500,459.9842381477356,1.716508150100708,0.018574953079223633,48.010451316833496,509.729772567749
1,5,16,500,446.62813115119934,1.8129642009735107,0.018575429916381836,47.728522539138794,496.188193321228
